category,sku,sex,item name,about,details,sizes,"price, $",colour,imgurl1,imgurl2,imgurl3
outwear,LV23001,men,Monogram Camo Fleece Jacket,The high-tech fleece jacket features an original Monogram Camo pattern.,"55% polyester, 45% wool", s|m|l|xl,10,green,https://respon.io/JPEG/Monogram Camo Fleece Jacket 2.jpg,https://respon.io/JPEG/Monogram Camo Fleece Jacket 3.jpg,https://respon.io/JPEG/Monogram Camo Fleece Jacket 4.jpg
outwear,LV23002,men,Monogram Camo Jacquard Fleece Jacket,The stylish jacket embodies a new interpretation of the legendary symbol of the House.,"87% polyester, 13% wool
A color scheme
Loose fit", s|m|l|xl,11,multicolor,https://respon.io/JPEG/Monogram Camo Jacquard Fleece Jacket 2.jpg,https://respon.io/JPEG/Monogram Camo Jacquard Fleece Jacket 3.jpg,https://respon.io/JPEG/Monogram Camo Jacquard Fleece Jacket 4.jpg
outwear,LV23003,men,Snow down jacket with Vuitton pattern,A high-tech down jacket with a water-repellent effect is a stylish and practical piece of clothing.,100% Polyester Black color Loose fit, s|m|l|xl,12,black,https://respon.io/JPEG/,https://respon.io/JPEG/,https://respon.io/JPEG/
outwear,LV23004,men,Padded hooded denim jacket,A hooded denim jacket with a bold graphic design in a trekking style. ,100% cotton light brown color Standard Fit, s|m|l|xl,13,brown,https://respon.io/JPEG/Padded hooded denim jacket 2.jpg,https://respon.io/JPEG/Padded hooded denim jacket 3.jpg,https://respon.io/JPEG/Padded hooded denim jacket 4.jpg
outwear,LV23005,men,Monogram Gradient Mesh Jacket,"
The graphic design of this classic-cut jacket is a tribute to the iconic Monogram pattern with a contemporary twist.",100% Polyester Dark blue color Classic fit, s|m|l|xl,14,blue,https://respon.io/JPEG/Monogram Gradient Mesh Jacket 2.jpg,https://respon.io/JPEG/Monogram Gradient Mesh Jacket 3.jpg,https://respon.io/JPEG/Monogram Gradient Mesh Jacket 4.jpg
outwear,LV23006,men,LV Spray Denim Jacket,The denim jacket features a contrasting combination of bright green LV Spray graphics with a Tie & Dye effect and a white Monogram pattern.,100% cotton A color scheme Loose fit, s|m|l|xl,15,white,https://respon.io/JPEG/,https://respon.io/JPEG/,https://respon.io/JPEG/
outwear,LV23007,men,Destroyed utility denim jacket,The unique design of the utilitarian denim jacket combines tradition of impeccable craftsmanship with a contemporary deconstructivist aesthetic.,100% cotton Indigo Standard Fit, s|m|l|xl,16,blue,https://respon.io/JPEG/Destroyed utility denim jacket 2.jpg,https://respon.io/JPEG/Destroyed utility denim jacket 3.jpg,https://respon.io/JPEG/
outwear,LV23008,men,Velvet windbreaker with innovative trim,The unique design of the utilitarian denim jacket combines tradition of impeccable craftsmanship with a contemporary deconstructivist aesthetic.,100% cotton Dark green color Loose fit, s|m|l|xl,17,green,https://respon.io/JPEG/,https://respon.io/JPEG/,https://respon.io/JPEG/
outwear,LV23009,men,LV Graffiti zipped bomber jacket,Monogram jacquard adds an elegant touch to the bomber jacket's striking design.,100% cotton Combination of black and gray Standard Fit, s|m|l|xl,18,black,https://respon.io/JPEG/LV Graffiti zipped bomber jacket 2.jpg,https://respon.io/JPEG/LV Graffiti zipped bomber jacket 3.jpg,https://respon.io/JPEG/LV Graffiti zipped bomber jacket 4.jpg
outwear,LV23010,men,Monogram embossed wool and leather jacket,A classic varsity jacket made from sustainable wool.,"50% calfskin, 50% wool Black color Standard Fit", s|m|l|xl,19,black,https://respon.io/JPEG/Monogram embossed wool and leather jacket 2.jpg,https://respon.io/JPEG/Monogram embossed wool and leather jacket 3.jpg,https://respon.io/JPEG/Monogram embossed wool and leather jacket 4.jpg
outwear,LV23011,men,Varsity jacket in leather and wool with appliqués,The trendy Varsity jacket is crafted from LWG-certified wool and grained calfskin.,100% calfskin Certification LWG Milky white color Loose fit, s|m|l|xl,20,white,https://respon.io/JPEG/Varsity jacket in leather and wool with appliqués 2.jpg,https://respon.io/JPEG/Varsity jacket in leather and wool with appliqués 3.jpg,https://respon.io/JPEG/Varsity jacket in leather and wool with appliqués 4.jpg
outwear,LV23012,men,Varsity jacket in leather and wool with appliqués,The new Varsity Wool Jacket features LWG-certified grained calfskin contrast sleeves.,100% calfskin Certification LWG Purple Loose fit, s|m|l|xl,21,purple,https://respon.io/JPEG/Varsity jacket in leather and wool with appliquéss 2.jpg,https://respon.io/JPEG/Varsity jacket in leather and wool with appliquéss 3.jpg,https://respon.io/JPEG/Varsity jacket in leather and wool with appliquéss 4.jpg
outwear,LV23013,men,Bomber jacket in leather and textile,The striking bomber jacket features a combination of yellow leather and black cotton.,"50% calfskin, 50% cotton yellow-orange color Loose fit", s|m|l|xl,22,black yellow,https://respon.io/JPEG/Bomber jacket in leather and textile 2.jpg,https://respon.io/JPEG/Bomber jacket in leather and textile 3.jpg,https://respon.io/JPEG/
outwear,LV23014,men,Leather Stadium Jacket,A motorsport-inspired zip-up jacket in a unique color scheme. Light blue cowhide,100% cowhide Certification LWG Black brown Standard Fit, s|m|l|xl,23,black,https://respon.io/JPEG/Куртка Stadium из кожи 2.jpg,https://respon.io/JPEG/Куртка Stadium из кожи 3.jpg,https://respon.io/JPEG/Куртка Stadium из кожи 4.jpg
outwear,LV23015,men,Sports jacket,"he striking jacket features a bold hybrid design, crafted from wool suiting for a sporty, contemporary style.",100% wool Grey colour checkered pattern Standard Fit, s|m|l|xl,24,gray,https://respon.io/JPEG/Sports jacket 2.jpg,https://respon.io/JPEG/Sports jacket 3.jpg,https://respon.io/JPEG/
outwear,LV23016,men,Sports jacket,"Crafted from high-tech material, this regular-fit jacket is a bold take on a classic athletic style.",100% polyamide Bright blue color Standard Fit, s|m|l|xl,25,,https://respon.io/JPEG/,https://respon.io/JPEG/,https://respon.io/JPEG/
outwear,LV23017,men,Padded jacket with Monogram pattern,"A quilted take on the iconic Monogram pattern, this insulated jacket is crafted from high-tech fabric with a matte finish.",100% polyamide Black, s|m|l|xl,26,,https://respon.io/JPEG/,https://respon.io/JPEG/,https://respon.io/JPEG/
outwear,LV23018,men,Reversible Monogram windbreaker,This seasonal blue reversible windbreaker embodies the idea of ​​a dynamic lifestyle.,"100% polyamide Blue color Standard Fit

 ", s|m|l|xl,27,blue,https://respon.io/JPEG/Reversible Monogram windbreakers 1.jpg,https://respon.io/JPEG/Reversible Monogram windbreakers 1.jpg,https://respon.io/JPEG/Reversible Monogram windbreakers 1.jpg
outwear,LV23019,men,LV Multi-Tools Embroidered Jacket,"With a utilitarian aesthetic, the jacket is adorned with embroidered details in black and white, reflecting the key themes of the Spring-Summer 2023 collection.",100% organic cotton GOTS Certification Dark gray color Standard Fit, s|m|l|xl,28,gray,https://respon.io/JPEG/LV Multi-Tools Embroidered Jacket 2.jpg,https://respon.io/JPEG/LV Multi-Tools Embroidered Jacket 3.jpg,https://respon.io/JPEG/LV Multi-Tools Embroidered Jacket 4.jpg
outwear,LV23020,men,Varsity Jacket,A varsity-style jacket crafted from cowhide with wool sleeves.,"100% cowhide Black color Standard Fit

 ", s|m|l|xl,29,black,https://respon.io/JPEG/Varsity Jacket 2.jpg,https://respon.io/JPEG/Varsity Jacket 3.jpg,https://respon.io/JPEG/Varsity Jacket 4.jpg
outwear,LV23021,men,Boyhood Monogram Fringed Denim Jacket ,"This lavender denim jacket features bold, vintage-effect trim. ","100% cotton
Loose fit
", s|m|l|xl,30,pink,https://respon.io/JPEG/Boyhood Monogram Fringed Denim Jacket 2.jpg,https://respon.io/JPEG/Boyhood Monogram Fringed Denim Jacket 3.jpg,https://respon.io/JPEG/Boyhood Monogram Fringed Denim Jacket 4.jpg
outwear,LV23022,men,Monogram Tailored Denim Jacket,The Monogram Star embossed denim jacket gets a vintage-inspired edge with handcrafted trim. ,"99% cotton, 1% elastodiene", s|m|l|xl,31,grey,https://respon.io/JPEG/Monogram Tailored Denim Jacket 2.jpg,https://respon.io/JPEG/Monogram Tailored Denim Jacket 3.jpg,https://respon.io/JPEG/
outwear,LV23023,men,Hybrid Hoodie Denim Jacket,  This hybrid blouson splices a washed denim hood and sleeves onto the compact cotton felpa,100% Cotton, s|m|l|xl,32,green,https://respon.io/JPEG/,https://respon.io/JPEG/,https://respon.io/JPEG/
pants,LV23031,men,Utility Carpenter Jeans,Indigo Carpenter jeans are utilitarian. ,Regular Fit Carpenter, s|m|l|xl,33,blue,https://respon.io/JPEG/,https://respon.io/JPEG/,https://respon.io/JPEG/
pants,LV23032,men,"Loose fit cargo trousers
",These trendy charcoal cotton cargo pants make for an eye-catching look for the weekend.,100% organic cotton, s|m|l|xl,34,gray,https://respon.io/JPEG/Loose fit cargo trousers 2.jpg,https://respon.io/JPEG/Loose fit cargo trousers 3.jpg,https://respon.io/JPEG/Loose fit cargo trousers 4.jpg
pants,LV23033,men,Wide-leg Carpenter jeans with fringes,Striking work-style jeans with bold details.,100% cotton, s|m|l|xl,35,pink,https://respon.io/JPEG/Wide-leg Carpenter jeans with fringes 2.jpg,https://respon.io/JPEG/Wide-leg Carpenter jeans with fringes 3.jpg,https://respon.io/JPEG/Wide-leg Carpenter jeans with fringes 4.jpg
pants,LV23034,men,LV x YK Monogram Painted Dots Cargo Pants,The Louis Vuitton x Yayoi Kusama collection cargo pants feature a combination of Monogram jacquard and a dot print by acclaimed artist Yayoi Kusama. ,"71% recycled ECONYL® nylon, 29% cotton", s|m|l|xl,36,black,https://respon.io/JPEG/,https://respon.io/JPEG/,https://respon.io/JPEG/
pants,LV23035,men,Joggers in high-tech fabric,"Crafted from high-tech fabric with a soft sheen effect, these joggers feature contrasting panel panels with a graphic monochrome LV Dove Houndstooth print. ","88% polyamide, 12% polyester", s|m|l|xl,37,black,https://respon.io/JPEG/,https://respon.io/JPEG/,https://respon.io/JPEG/
pants,LV23036,men,Monogram Tailored Jeans,The jeans feature a luxurious embossed Monogram pattern. ,"99% cotton, 1% elastodiene", s|m|l|xl,38,grey,https://respon.io/JPEG/Monogram Tailored Jeans 2.jpg,https://respon.io/JPEG/Monogram Tailored Jeans 3.jpg,https://respon.io/JPEG/
pants,LV23037,men,Jeans Baggy,These trendy loose-fit jeans are trimmed with a contrasting Monogram jacquard pattern.,"100% cotton Black color Croy buggy
", s|m|l|xl,39,black,https://respon.io/JPEG/Jeans LV 2.jpg,https://respon.io/JPEG/Jeans LV 3.jpg,https://respon.io/JPEG/Jeans LV 4.jpg
pants,LV23038,men,Vintage-effect wave-cut jeans,"A favorite of the Spring-Summer 2023 show, these trendy loose-fit jeans feature a distinctive wavy silhouette. ","100% cotton
Loose fit
", s|m|l|xl,40,blue,https://respon.io/JPEG/Vintage-effect wave-cut jeans 2.jpg,https://respon.io/JPEG/Vintage-effect wave-cut jeans 3.jpg,https://respon.io/JPEG/Vintage-effect wave-cut jeans 4.jpg
pants,LV23039,men,Monogram jeans,Classic casual jeans with Monogram Pointillism characteristic of the new collection. ,"Standard Fit Monogram Pointillism Pattern

Classic back pockets 
", s|m|l|xl,41,blue,https://respon.io/JPEG/Monogram jeans 2.jpg,https://respon.io/JPEG/Monogram jeans 3.jpg,https://respon.io/JPEG/Monogram jeans 4.jpg
t-shirt,LV23040,men,"""Monogram Gradient T-shirt
""","Crafted from lightweight cotton jersey, this T-shirt features a bold interpretation of the iconic Monogram Gradient pattern in a contrasting white palette.","Standard Fit
", s|m|l|xl,42,black,https://respon.io/JPEG/Monogram Gradient LVSE T-shirt 2.jpg,https://respon.io/JPEG/Monogram Gradient LVSE T-shirt 3.jpg,https://respon.io/JPEG/
t-shirt,LV23041,men,"""Monogram Gradient T-shirt
""","Crafted from lightweight cotton jersey, this T-shirt features a bold interpretation of the iconic Monogram Gradient pattern in a contrasting white palette.","Standard Fit", s|m|l|xl,43,blue,https://respon.io/JPEG/Monogram Gradient LVSE T-shirt Blue 2.jpg,https://respon.io/JPEG/Monogram Gradient LVSE T-shirt Blue 3.jpg,https://respon.io/JPEG/Monogram Gradient LVSE T-shirt Blue 2.jpg
t-shirt,LV23042,men,"Monogram Gradient T-shirt
","Crafted from lightweight cotton jersey, this T-shirt features a bold interpretation of the iconic Monogram Gradient pattern in a contrasting white palette.","Standard Fit", s|m|l|xl,44,green,https://respon.io/JPEG/Monogram Gradient T-shirt Green 2.jpg,https://respon.io/JPEG/Monogram Gradient T-shirt Green 3.jpg,https://respon.io/JPEG/Monogram Gradient T-shirt Green 4.jpg
t-shirt,LV23043,men,"Monogram Sporty V-neck T-shirt
",An American football-inspired T-shirt crafted from lightweight piqué cotton with a Monogram jacquard pattern.,"55% cotton, 45% polyester", s|m|l|xl,45,black,https://respon.io/JPEG/Monogram Sporty V-neck T-shirt 2.jpg,https://respon.io/JPEG/Monogram Sporty V-neck T-shirt 3.jpg,https://respon.io/JPEG/Monogram Sporty V-neck T-shirt 4.jpg
t-shirt,LV23044,men,Organic cotton T-shirt,This stylish organic cotton T-shirt will add originality to your everyday look. ,Standard Fit, s|m|l|xl,46,white,https://respon.io/JPEG/Organic cotton T-shirt 2.jpg,https://respon.io/JPEG/Organic cotton T-shirt 3.jpg,https://respon.io/JPEG/Organic cotton T-shirt 4.jpg
t-shirt,LV23045,men,"LV Jazz Flyers T-shirt
","The graphic tee features a silk-screened LV Jazz Flyer print. The spectacular pattern is based on bright concert posters, complemented by symbols of the House.",, s|m|l|xl,47,white,https://respon.io/JPEG/LV Jazz Flyers T-shirt 2.jpg,https://respon.io/JPEG/LV Jazz Flyers T-shirt 3.jpg,https://respon.io/JPEG/LV Jazz Flyers T-shirt 4.jpg
t-shirt,LV23046,men,T-shirt with LV Spread embroidery,"The classic T-shirt is embroidered with contrasting miniature initials L and V, recreating the contours of the iconic large LV initials. ", 100% cotton Standart Fit, s|m|l|xl,48,black,https://respon.io/JPEG/T-shirt with LV Spread embroidery 2.jpg,https://respon.io/JPEG/T-shirt with LV Spread embroidery 3.jpg,https://respon.io/JPEG/T-shirt with LV Spread embroidery 4.jpg
t-shirt,LV23047,men,T-shirt with LV Concert print,A soft black t-shirt with a relaxed shoulder line is decorated with a monochrome silkscreen print. ,100% cotton Standart Fit, s|m|l|xl,49,black,https://respon.io/JPEG/T-shirt with LV Concert print 2.jpg,https://respon.io/JPEG/T-shirt with LV Concert print 3.jpg,https://respon.io/JPEG/T-shirt with LV Concert print 4.jpg
t-shirt,LV23048,men,"T-shirt with LV Pendant embroidery
",Embroidered initials LV in a unique interpretation this season is the main decoration of a stylish T-shirt. ,"Loose fit 100% cotton

", s|m|l|xl,50,white,https://respon.io/JPEG/T-shirt with LV Pendant embroidery 2.jpg,https://respon.io/JPEG/T-shirt with LV Pendant embroidery 3.jpg,https://respon.io/JPEG/T-shirt with LV Pendant embroidery 4.jpg
t-shirt,LV23049,men,"T-shirt with print
","A classic T-shirt with a regular fit, made from lightweight cotton. "," ""Loose fit 100% cotton

""", s|m|l|xl,51,white,https://respon.io/JPEG/T-shirt with print 2.jpg,https://respon.io/JPEG/T-shirt with print 3.jpg,https://respon.io/JPEG/T-shirt with print 4.jpg
t-shirt,LV23050,men,"T-shirt with print and embroidery
","Introduced by Virgil Abloh, a simple cotton T-shirt is a tribute to the Maison of Louis Vuitton. ","100% cotton Standard Fit

", s|m|l|xl,52,white,https://respon.io/JPEG/T-shirt with print and embroidery 2.jpg,https://respon.io/JPEG/T-shirt with print and embroidery 3.jpg,https://respon.io/JPEG/T-shirt with print and embroidery 4.jpg
t-shirt,LV23051,men,"T-shirt with Rainbow print
",A loose-fitting T-shirt with a ribbed finish is a must-have for a carefree summer look. ,100% cotton, s|m|l|xl,53,white,https://respon.io/JPEG/T-shirt with Rainbow print 2.jpg,https://respon.io/JPEG/T-shirt with Rainbow print 3.jpg,https://respon.io/JPEG/T-shirt with Rainbow print 4.jpg
t-shirt,LV23052,men,"LV x YK Psychedelic Flower Tee
","A collaboration between the Maison and Japanese artist Yayoi Kusama, this classic Louis Vuitton t-shirt is uniquely reimagined","100% cotton Standard Fit

", s|m|l|xl,54,white,https://respon.io/JPEG/LV x YK Psychedelic Flower Tee 2.jpg,https://respon.io/JPEG/LV x YK Psychedelic Flower Tee 3.jpg,https://respon.io/JPEG/LV x YK Psychedelic Flower Tee 4.jpg
t-shirt,LV23053,men,T-shirt with LV Frequency embroidery,"Both sides of the stylish black T-shirt are decorated with a contrasting LV Frequency pattern, which has become a symbol of the new collection. ",100% cotton Standart Fit, s|m|l|xl,55,black,https://respon.io/JPEG/T-shirt with LV Frequency embroidery 2.jpg,https://respon.io/JPEG/T-shirt with LV Frequency embroidery 3.jpg,https://respon.io/JPEG/T-shirt with LV Frequency embroidery 4.jpg
t-shirt,LV23054,men,T-shirt with intarsia,"Inspired by the cinematography of the Fall/Winter 2023 runway collection, this soft cotton t-shirt features a white graphic with a Louis Vuitton Studios ","Standard Fit
", s|m|l|xl,56,black,https://respon.io/JPEG/T-shirt with intarsia 2.jpg,https://respon.io/JPEG/T-shirt with intarsia 3.jpg,https://respon.io/JPEG/T-shirt with intarsia 4.jpg
t-shirt,LV23055,men,"T-shirt with beaded embroidery

",The black T-shirt continues the key theme of the Fall-Winter 2023 show. ,"Classic fit", s|m|l|xl,57,black,https://respon.io/JPEG/T-shirt with beaded embroidery 2.jpg,https://respon.io/JPEG/T-shirt with beaded embroidery 3.jpg,https://respon.io/JPEG/T-shirt with beaded embroidery 4.jpg
t-shirt,LV23056,men,"Vuitton Snow T-shirt in hi-tech jersey
","Crafted from breathable, high-tech jersey, this slim-fit t-shirt features a striking pattern of Vuitton signatures and Monogram colors. ","80% polyester, 20% elastane", s|m|l|xl,58,blue,https://respon.io/JPEG/Vuitton Snow T-shirt in hi-tech jersey 2.jpg,https://respon.io/JPEG/Vuitton Snow T-shirt in hi-tech jersey 3.jpg,https://respon.io/JPEG/Vuitton Snow T-shirt in hi-tech jersey 2.jpg
t-shirt,LV23057,men,"T-shirt signed Louis Vuitton 1854
",A lightweight cotton T-shirt with a contrasting intarsia pattern made from high-tech neon-effect yarns. The date 1854 and the Louis Vuitton signature are the hallmarks of the Maison. ,"89% cotton, 11% polyamide
", s|m|l|xl,59,black,https://respon.io/JPEG/T-shirt signed Louis Vuitton 1854 2.jpg,https://respon.io/JPEG/T-shirt signed Louis Vuitton 1854 3.jpg,https://respon.io/JPEG/T-shirt signed Louis Vuitton 1854 4.jpg
t-shirt,LV23058,men,T-shirt with embroidered signature 1,"A stylized Louis Vuitton signature embroidered with beads adorns the milky white T-shirt. 

","Standard Fit
", s|m|l|xl,60,white,https://respon.io/JPEG/,https://respon.io/JPEG/,https://respon.io/JPEG/
t-shirt,LV23059,men,T-shirt with embossed LV initials,The basic wardrobe item is presented in a new original interpretation. ,"100% cotton Standard Fit
", s|m|l|xl,61,blue,https://respon.io/JPEG/,https://respon.io/JPEG/,https://respon.io/JPEG/
t-shirt,LV23060,men,T-shirt with embossed LV initials,The basic wardrobe item is presented in a new original interpretation. ,"100% cotton Standard Fit
", s|m|l|xl,62,black,https://respon.io/JPEG/,https://respon.io/JPEG/,https://respon.io/JPEG/
t-shirt,LV23061,men,"T-shirt with embossed LV initials
",The basic wardrobe item is presented in a new original interpretation. ,"""100% cotton Standard Fit
""", s|m|l|xl,63,white,https://respon.io/JPEG/,https://respon.io/JPEG/,https://respon.io/JPEG/
t-shirt,LV23062,men,"T-shirt with embossed LV initials
",The basic wardrobe item is presented in a new original interpretation. ,"100% cotton Standard Fit
", s|m|l|xl,64,blue,https://respon.io/JPEG/,https://respon.io/JPEG/,https://respon.io/JPEG/
knitwear,LV23063,,"Fair Isle Macro LV Pullover
",This luxurious pullover is made from sustainable merino wool. ,"100% wool

Standard Fit
", s|m|l|xl,65,multicolour,https://respon.io/JPEG/,https://respon.io/JPEG/,https://respon.io/JPEG/
knitwear,LV23064,,"LV Jazz logo hoodie
",Stylish hoodie made of cotton fleece with a zip fastening and classic voluminous pockets. ,"100% cotton Classic fit

", s|m|l|xl,66,black,https://respon.io/JPEG/,https://respon.io/JPEG/,https://respon.io/JPEG/
knitwear,LV23065,,"Louis Vuitton cuffed cashmere pullover
",This classic round neck pullover is crafted from soft cashmere. ,"100% cashmere
Standard Fit
", s|m|l|xl,67,black,https://respon.io/JPEG/,https://respon.io/JPEG/,https://respon.io/JPEG/
knitwear,LV23066,,"Louis Vuitton cuffed cashmere pullover
",This classic round neck pullover is crafted from soft cashmere. ,"100% cashmere
Standard Fit
", s|m|l|xl,68,gray,https://respon.io/JPEG/,https://respon.io/JPEG/,https://respon.io/JPEG/
knitwear,LV23067,,"Louis Vuitton cuffed cashmere pullover
",This classic round neck pullover is crafted from soft cashmere. ,"100% cashmere
Standard Fit
", s|m|l|xl,69,green,https://respon.io/JPEG/,https://respon.io/JPEG/,https://respon.io/JPEG/
knitwear,LV23068,,"LV Fair Isle Stripes Track Jacket
",The trendy blazer features brightly colored sleeve panels in a shimmering LV Fair Isle Stripes jacquard pattern. ,, s|m|l|xl,70,,https://respon.io/JPEG/,https://respon.io/JPEG/,https://respon.io/JPEG/
knitwear,LV23069,,"Zipped hoodie with embroidered LV initials
",A vibrant jacquard hoodie delights with a Tie & Dye gradient effect. Cotton drawstring hood lined with lightweight jersey.,"50% cotton, 50% polyamide Standard Fit

", s|m|l|xl,71,blue,https://respon.io/JPEG/,https://respon.io/JPEG/,https://respon.io/JPEG/
knitwear,LV23070,,"Sweatshirt with LV Comics Owl logo

",Cozy organic cotton sweatshirt with exceptional softness.,"100% cotton Standard Fit

", s|m|l|xl,72,black,https://respon.io/JPEG/,https://respon.io/JPEG/,https://respon.io/JPEG/
knitwear,LV23071,,"LV x YK Psychedelic Flower Pattern Zip Hoodie
","Exclusive to Louis Vuitton x Yayoi Kusama, this zip-up hoodie features the signature Psychedelic Flower pattern. ","95% wool, 5% polyamide Standard Fit

", s|m|l|xl,73,black,https://respon.io/JPEG/,https://respon.io/JPEG/,https://respon.io/JPEG/
knitwear,LV23072,,"Monogram Gradient Textured Sweatshirt
",A classic cotton fleece sweatshirt is accented with a textured Monogram pattern with a gradient effect. ,"100% cotton Classic fit

", s|m|l|xl,74,black,https://respon.io/JPEG/,https://respon.io/JPEG/,https://respon.io/JPEG/
knitwear,LV23073,,Hybrid Cotton Cardigan,This sporty cardigan from this collection’s desert bike race can be worn as light outer layer,"82% Cotton, 18% Polyamide",s|m|l|xl,75,black,https://respon.io/JPEG/Cardigan1ABJ1G1.jpg,https://respon.io/JPEG/Cardigan1ABJ1G2.jpg,https://respon.io/JPEG/Cardigan1ABJ1G3.jpg
footwear,LV23074,,LV Skate sneakers ,First seen at the Fall Winter 2022 show,Grained Calfskin,,76,Blue,https://respon.io/JPEG/LV Skate 1ABZ6X1.jpg,https://respon.io/JPEG/LV Skate 1ABZ6X2.jpg,https://respon.io/JPEG/LV Skate 1ABZ6X3.jpg
footwear,LV23075,,LV Skate sneakers,First seen at the Fall Winter 2022 show,Grained Calfskin,,77,"
red",https://respon.io/JPEG/LV Skate 1ABZ6E1.jpg,https://respon.io/JPEG/LV Skate 1ABZ6E2.jpg,https://respon.io/JPEG/LV Skate 1ABZ6E3.jpg
footwear,LV23076,,LV Skate sneakers,First seen at the Fall Winter 2022 show,Grained Calfskin,,78,White,https://respon.io/JPEG/LV Skate 1ABZ5U1.jpg,https://respon.io/JPEG/LV Skate 1ABZ5U2.jpg,https://respon.io/JPEG/LV Skate 1ABZ5U3.jpg
footwear,LV23077,,LV Skate sneakers,First seen at the Fall Winter 2022 show,Grained Calfskin,,79,Black,https://respon.io/JPEG/LV Skate 1ABZ581.jpg,https://respon.io/JPEG/LV Skate 1ABZ582.jpg,https://respon.io/JPEG/LV Skate 1ABZ583.jpg
footwear,LV23078,,LV Trainer sneakers,The new version of the LV Trainer features a combination of smooth and grained calfskin.,Grained Calfskin,,80,White,https://respon.io/JPEG/LV Trainer 1A8WAX1.jpg,https://respon.io/JPEG/LV Trainer 1A8WAX2.jpg,https://respon.io/JPEG/LV Trainer 1A8WAX3.jpg
footwear,LV23079,,LV Trainer sneakers,"For the new season, the iconic LV ",Grained Calfskin,,81,Black ,https://respon.io/JPEG/LV Trainer 1A9JG91.jpg,https://respon.io/JPEG/LV Trainer 1A9JG92.jpg,https://respon.io/JPEG/LV Trainer 1A9JG93.jpg
footwear,LV23080,,LV Trainer sneakers,"In supple leather, the LV Trainer sneaker is featured in the Rainbow ",Grained Calfskin,,82,White,https://respon.io/JPEG/LV Trainer 1A9G511.jpg,https://respon.io/JPEG/LV Trainer 1A9G512.jpg,https://respon.io/JPEG/LV Trainer 1A9G513.jpg
footwear,LV23081,,LV Trainer sneakers,The two-tone grained calfskin LV Trainer,Grained Calfskin,,83,blue,https://respon.io/JPEG/LV Trainer 1ABFA81.jpg,https://respon.io/JPEG/LV Trainer 1ABFA82.jpg,https://respon.io/JPEG/LV Trainer 1ABFA83.jpg
footwear,LV23082,,LV Trainer sneakers,The two-tone grained calfskin LV Trainer,Grained Calfskin,,84,Green,https://respon.io/JPEG/LV Trainer 1ABFAS1.jpg,https://respon.io/JPEG/LV Trainer 1ABFAS2.jpg,https://respon.io/JPEG/LV Trainer 1ABFAS3.jpg
footwear,LV23083,,LV Trainer sneakers,The two-tone grained calfskin LV Trainer,Grained Calfskin,,85,Red,https://respon.io/JPEG/LV Trainer 1ABFBE1.jpg,https://respon.io/JPEG/LV Trainer 1ABFBE2.jpg,https://respon.io/JPEG/LV Trainer 1ABFBE3.jpg
footwear,LV23084,,LV Trainer sneakers,The two-tone grained calfskin LV Trainer,Grained Calfskin,,86,Blue,https://respon.io/JPEG/LV Trainer 1A9JGT1.jpg,https://respon.io/JPEG/LV Trainer 1A9JGT2.jpg,https://respon.io/JPEG/LV Trainer 1A9JGT3.jpg
footwear,LV23085,,LV Trainer sneakers,The current version of the LV Trainer,Grained Calfskin,,87,green,https://respon.io/JPEG/LV Trainer 1ABLVU1.jpg,https://respon.io/JPEG/LV Trainer 1ABLVU2.jpg,https://respon.io/JPEG/LV Trainer 1ABLVU3.jpg
footwear,LV23086,,LV Trainer sneakers,The current version of the LV Trainer,Grained Calfskin,,88,brown,https://respon.io/JPEG/LV Trainer 1ABLV81.jpg,https://respon.io/JPEG/LV Trainer 1ABLV82.jpg,https://respon.io/JPEG/LV Trainer 1ABLV83.jpg
footwear,LV23087,,LV Trainer sneakers,The current version of the LV Trainer,Grained Calfnski,,89,Blue,https://respon.io/JPEG/LV Trainer 1ABLUO1.jpg,https://respon.io/JPEG/LV Trainer 1ABLUO2.jpg,https://respon.io/JPEG/LV Trainer 1ABLUO3.jpg
footwear,LV23088,,LV Skate sneakers ,The LV Skate sneakers are presented in a new exclusive version of grained leather,Grained Calfskin,,90,Grey,https://respon.io/JPEG/LV Skate 1ABZ4Q1.jpg,https://respon.io/JPEG/LV Skate 1ABZ4Q2.jpg,https://respon.io/JPEG/LV Skate 1ABZ4Q3.jpg
footwear,LV23089,,LV Skate sneakers ,The LV Skate sneakers are presented in a new exclusive version of grained leather,Grained Calfskin,,91,Anthracite,https://respon.io/JPEG/LV Skate 1ABZ461.jpg,https://respon.io/JPEG/LV Skate 1ABZ462.jpg,https://respon.io/JPEG/LV Skate 1ABZ463.jpg
footwear,LV23090,,LV Trainer Maxi,Showcased at the Men's Spring/Summer 2023 Fashion Show,Combination of materials,,92,Black,https://respon.io/JPEG/,https://respon.io/JPEG/,https://respon.io/JPEG/
footwear,LV23091,,LV Trainer Maxi,"Showcased at the Men's Spring/Summer 2023 Fashion Show, ",Combination of materials,,93,blue,https://respon.io/JPEG/,https://respon.io/JPEG/,https://respon.io/JPEG/
footwear,LV23092,,LV Trainer Maxi,Showcased at the Spring Summer 2023 show,Combination of materials,,94,orange,https://respon.io/JPEG/,https://respon.io/JPEG/,https://respon.io/JPEG/
footwear,LV23093,,LV Trainer Maxi,Showcased at the Spring Summer 2023 show,Combination of materials,,95,white,https://respon.io/JPEG/,https://respon.io/JPEG/,https://respon.io/JPEG/
footwear,LV23094,,LV Trainer sneakers ,The Monogram denim LV Trainer sneakers are a colorful take on vintage basketball shoes. ,Denim,,96,green,https://respon.io/JPEG/LV Trainer 1ABLY21.jpg,https://respon.io/JPEG/LV Trainer 1ABLY22.jpg,https://respon.io/JPEG/LV Trainer 1ABLY23.jpg
footwear,LV23095,,LV Trainer sneakers ,The Monogram denim LV Trainer sneakers are a colorful take on vintage basketball shoes. ,Denim,,97,red,https://respon.io/JPEG/LV Trainer 1ABLXJ1.jpg,https://respon.io/JPEG/LV Trainer 1ABLXJ2.jpg,https://respon.io/JPEG/LV Trainer 1ABLXJ3.jpg
footwear,LV23096,,LV Trainer sneakers ,A summery take on the LV Trainer,Textile,,98,beige,https://respon.io/JPEG/LV Trainer 1ABG0H1.jpg,https://respon.io/JPEG/LV Trainer 1ABG0H2.jpg,https://respon.io/JPEG/LV Trainer 1ABG0H3.jpg
footwear,LV23097,,LV Trainer sneakers ,A summery take on the LV Trainer,Textile,,99,blue,https://respon.io/JPEG/LV Trainer 1ABG1L1.jpg,https://respon.io/JPEG/LV Trainer 1ABG1L2.jpg,https://respon.io/JPEG/LV Trainer 1ABG1L3.jpg
footwear,LV23098,,LV x YK sneakersLV Trainer,The LV Trainer LV x YK sneakers ,Calfskin,,100,"
blue",https://respon.io/JPEG/,https://respon.io/JPEG/,https://respon.io/JPEG/
footwear,LV23099,,LV Runner Tatic,First seen at the Spring/Summer 2022 show,Combination of materials,,101,Black,https://respon.io/JPEG/,https://respon.io/JPEG/,https://respon.io/JPEG/
footwear,LV23100,,LV Runner Tatic,Inspired by running shoes,Mix of materials,,102,Grey,https://respon.io/JPEG/,https://respon.io/JPEG/,https://respon.io/JPEG/
footwear,LV23101,,LV Trainer,Louis Vuitton introduces the iconic LV Trainer in a new sustainable version,Combination of sustainable materials,,103,Grey,https://respon.io/JPEG/LV Trainer 1AAGXF1.jpg,https://respon.io/JPEG/LV Trainer 1AAGXF2.jpg,https://respon.io/JPEG/LV Trainer 1AAGXF3.jpg
footwear,LV23102,,LV Trainer LV x YK,The LV Trainer LV x YK sneakers from the Louis Vuitton x Yayoi ,"Grained Calfskin
print",,104,Black,https://respon.io/JPEG/LV x YK LV Trainer trainers 1ABD2W1.jpg,https://respon.io/JPEG/,https://respon.io/JPEG/LV x YK LV Trainer trainers 1ABD2W2.jpg
footwear,LV23103,,LV Trainer,Louis Vuitton Creative Director ,Monogram Canvas,,105,"
black",https://respon.io/JPEG/LV Trainer 1A8PU71.jpg,https://respon.io/JPEG/LV Trainer 1A8PU72.jpg,https://respon.io/JPEG/LV Trainer 1A8PU73.jpg
footwear,LV23104,,LV Trainer LV x YK,The Louis Vuitton x Yayoi Kusama collection features an exclusive version of the LV Trainer,Calfskin,,106,Red,https://respon.io/JPEG/LV x YK LV Trainer trainers 1AB8J1.jpg,https://respon.io/JPEG/,https://respon.io/JPEG/LV x YK LV Trainer trainers 1AB8J2.jpg
footwear,LV23105,,LV Trainer,The new version of the LV Trainer combines,Calfskin,,107,Orange,https://respon.io/JPEG/LV Trainer 1ABOIL1.jpg,https://respon.io/JPEG/LV Trainer 1ABOIL2.jpg,https://respon.io/JPEG/LV Trainer 1ABOIL3.jpg
footwear,LV23106,,LV Trainer,The new version of the LV Trainer combines,Calfskin,,108,Black,https://respon.io/JPEG/LV Trainer 1ABOGD1.jpg,https://respon.io/JPEG/LV Trainer 1ABOGD2.jpg,https://respon.io/JPEG/LV Trainer 1ABOGD3.jpg
footwear,LV23107,,LV Skate,The 90s-inspired LV Skate sneaker ,Combination of materials,,109,beige,https://respon.io/JPEG/LV Skate 1AARQG1.jpg,https://respon.io/JPEG/LV Skate 1AARQG2.jpg,https://respon.io/JPEG/LV Skate 1AARQG3.jpg
footwear,LV23108,,LV Skate,The 90s-inspired LV Skate sneaker ,Combination of materials,,110,Dark blue,https://respon.io/JPEG/LV Skate 1AARRK1.jpg,https://respon.io/JPEG/LV Skate 1AARRK2.jpg,https://respon.io/JPEG/LV Skate 1AARRK3.jpg
footwear,LV23109,,LV Trainer ,The new version of the LV Trainer ,Calfskin,,111,Yellow,https://respon.io/JPEG/LV Trainer 1ABOI11.jpg,https://respon.io/JPEG/LV Trainer 1ABOI12.jpg,https://respon.io/JPEG/LV Trainer 1ABOI13.jpg
footwear,LV23110,,LV Trainer ,The new version of the LV Trainer ,Calfskin,,112,Green,https://respon.io/JPEG/LV Trainer 1ABOJJ1.jpg,https://respon.io/JPEG/LV Trainer 1ABOJJ2.jpg,https://respon.io/JPEG/LV Trainer 1ABOJJ3.jpg
footwear,LV23111,,LV Trainer LV x YK,Introduced in the Louis Vuitton x Yayoi Kusama collection,Grained Calfskin,,113,White,https://respon.io/JPEG/LV x YK LV Trainer trainers 1ABD3G1.jpg,https://respon.io/JPEG/,https://respon.io/JPEG/LV x YK LV Trainer trainers 1ABD3G2.jpg
footwear,LV23112,,LV Trainer ,First seen at the Louis Vuitton ,Suede Calfskin,,114,Dark brown,https://respon.io/JPEG/LV Trainer 1A5UR31.jpg,https://respon.io/JPEG/LV Trainer 1A5UR32.jpg,https://respon.io/JPEG/LV Trainer 1A5UR33.jpg
bags & accessories,LV23113,, Keepall Bandoulière 50,"The Keepall Bandoulière 50 
",Monogram Eclipse coated canvas ,,115,grey,https://respon.io/JPEG/,https://respon.io/JPEG/,https://respon.io/JPEG/
bags & accessories,LV23114,,Keepall Bandoulière 60,An icon since the appearance in 1930,Golden brass pieces,,116,brown,https://respon.io/JPEG/,https://respon.io/JPEG/,https://respon.io/JPEG/
bags & accessories,LV23115,,Keepall Bandoulière 55,The beloved Keepall 55,Coated Canvas,,117,black,https://respon.io/JPEG/,https://respon.io/JPEG/,https://respon.io/JPEG/
bags & accessories,LV23116,,LV x YK Bandoulière Keepall 55,The LVxYK Keepall 55,Monogram Eclipse coated ,,118,grey,https://respon.io/JPEG/,https://respon.io/JPEG/,https://respon.io/JPEG/
bags & accessories,LV23117,,Keepall Bandoulière 55,"With side bands in 
","Radiant Sun
Monogram 

",,119,brown,https://respon.io/JPEG/,https://respon.io/JPEG/,https://respon.io/JPEG/
bags & accessories,LV23118,,Keepall Bandoulière 35,A smaller version of the House’s ,"Embossed Taurillon Monogram 

",,120,black,https://respon.io/JPEG/,https://respon.io/JPEG/,https://respon.io/JPEG/
bags & accessories,LV23119,,Keepall Bandouliere 50,Inspired by the original design of the padded travel bag,Exceptionally soft Taiga leather,,121,black,https://respon.io/JPEG/,https://respon.io/JPEG/,https://respon.io/JPEG/
bags & accessories,LV23120,,Keepall 50 Shoulder Bag,"The iconic Keepall travel bag, which has graced Louis Vuitton ","Embossed Monogram Shadow leather
Cowhide leather trim",,122,black,https://respon.io/JPEG/50 Shoulder M448101.jpg,https://respon.io/JPEG/50 Shoulder M448102.jpg,https://respon.io/JPEG/50 Shoulder M448103.jpg
bags & accessories,LV23121,,Keepall 45 with shoulder strap,The iconic Keepall 45 with shoulder strap is crafted from new Monogram,Genuine cowhide leather trim,,123,black,https://respon.io/JPEG/with shoulder M405691.jpg,https://respon.io/JPEG/with shoulder M405692.jpg,https://respon.io/JPEG/with shoulder M405693.jpg
bags & accessories,LV23122,,Keepall 50 Shoulder Bag,The iconic Keepall is re-imagined in ultra-thin LV ,"cowhide leather",,124,black,https://respon.io/JPEG/Keepall 50 M214201.jpg,https://respon.io/JPEG/Keepall 50 M214202.jpg,https://respon.io/JPEG/Keepall 50 M214203.jpg
bags & accessories,LV23123,,Keepall 45 with shoulder strap,Always travel with ease and style.,Genuine cowhide leather trim,,125,Monogram Canvas,https://respon.io/JPEG/Keepall 45 M414181.jpg,https://respon.io/JPEG/Keepall 45 M414182.jpg,https://respon.io/JPEG/Keepall 45 M414183.jpg
bags & accessories,LV23124,,Keepall 55 with shoulder strap,Roomy and multifunctional,Genuine cowhide leather trim,,126,Anwa Monogram,https://respon.io/JPEG/Keepall 55 M567141.jpg,https://respon.io/JPEG/Keepall 55 M567142.jpg,https://respon.io/JPEG/Keepall 55 M567143.jpg
bags & accessories,LV23125,,Keepall 50 with shoulder strap,"Introduced in 1930, the iconic Keepall epitomizes the spirit of modern travel. ",Genuine cowhide leather trim,,127,Anwa Monogram,https://respon.io/JPEG/Keepall 50 M414161.jpg,https://respon.io/JPEG/Keepall 50 M414162.jpg,https://respon.io/JPEG/Keepall 50 M414163.jpg
bags & accessories,LV23126,,Keepall 55 with shoulder strap,"Introduced in 1930, the iconic Keepall epitomizes the spirit of modern travel. ",Genuine cowhide leather trim,,128,Canvas,https://respon.io/JPEG/Keepall 50 N414141.jpg,https://respon.io/JPEG/Keepall 50 N414142.jpg,https://respon.io/JPEG/Keepall 50 N414143.jpg
bags & accessories,LV23127,,Keepall 55 with shoulder strap,This urban duffel bag in Damier Graphite canvas reinterprets a classic design.,Genuine cowhide leather trim,,129,Canvas,https://respon.io/JPEG/Keepall 55 N414131.jpg,https://respon.io/JPEG/Keepall 55 N414132.jpg,https://respon.io/JPEG/Keepall 55 N414133.jpg
bags & accessories,LV23128,,Keepall 45 with shoulder strap,An elegant travel bag in Damier Graphite canvas.,Genuine cowhide leather trim,,130,Canvas,https://respon.io/JPEG/Keepall 45 N414181.jpg,https://respon.io/JPEG/Keepall 45 N414182.jpg,https://respon.io/JPEG/Keepall 45 N414183.jpg
bags & accessories,LV23129,,Keepall 50 with shoulder strap,Keepall 50 Shoulder Bag,Cotton textile lining,,131,Canvas,https://respon.io/JPEG/Keepall 50 M453921.jpg,https://respon.io/JPEG/Keepall 50 M453922.jpg,https://respon.io/JPEG/Keepall 50 M453923.jpg
bags & accessories,LV23130,,Keepall 25 with shoulder strap,The Keepall 25 in black Taurillon leather with ,Cowhide Taurillon Leather,,132,Black color,https://respon.io/JPEG/Keepall 25 M209001.jpg,https://respon.io/JPEG/Keepall 25 M209002.jpg,https://respon.io/JPEG/Keepall 25 M209003.jpg
bags & accessories,LV23131,,Keepall 50 with shoulder strap,The new shoulder strap version of the Keepall 50 ,Taurillon leather,,133,Black color,https://respon.io/JPEG/Keepall 50 M590251.jpg,https://respon.io/JPEG/Keepall 50 M590252.jpg,https://respon.io/JPEG/Keepall 50 M590253.jpg
bags & accessories,LV23132,,Keepall 25 with shoulder strap,The new version of the Keepall 25 ,Cowhide leather trim,,134,Monogram Eclipse,https://respon.io/JPEG/Keepall 25 M462711.jpg,https://respon.io/JPEG/Keepall 25 M462712.jpg,https://respon.io/JPEG/Keepall 25 M462713.jpg
bags & accessories,LV23133,,Keepall 50 with shoulder strap,The Keepall 50 bag with shoulder strap comes in an innovative combination. ,Waxed canvas ,,135,Pale blue color,https://respon.io/JPEG/Keepall 50 M225701.jpg,https://respon.io/JPEG/Keepall 50 M225702.jpg,https://respon.io/JPEG/Keepall 50 M225703.jpg
bags & accessories,LV23134,,Keepall 25 with shoulder strap,The Keepall 25 in Monogram Aquagarden,Waxed canvas ,,136,Pale blue color,https://respon.io/JPEG/Keepall 25 M225271.jpg,https://respon.io/JPEG/Keepall 25 M225272.jpg,https://respon.io/JPEG/Keepall 25 M225273.jpg
bags & accessories,LV23135,,Keepall 50 with shoulder strap,The classic Keepall 50 ,Cowhide leather trim,,137,Monogram Washed ,https://respon.io/JPEG/Keepall 50 M225321.jpg,https://respon.io/JPEG/Keepall 50 M225322.jpg,https://respon.io/JPEG/Keepall 50 M225323.jpg
bags & accessories,LV23136,,Keepall 25 with shoulder strap,The new Keepall 25,Cowhide leather trim,,138,Monogram Washed ,https://respon.io/JPEG/Keepall 25 M227621.jpg,https://respon.io/JPEG/Keepall 25 M227622.jpg,https://respon.io/JPEG/Keepall 25 M227623.jpg
bags & accessories,LV23137,,Keepall 25 with shoulder strap,The compact Keepall 25,Waxed canvas Monogram,,139,Orange color,https://respon.io/JPEG/Keepall 25 M466871.jpg,https://respon.io/JPEG/Keepall 25 M466872.jpg,https://respon.io/JPEG/Keepall 25 M466873.jpg
bags & accessories,LV23138,,Keepall 45 with shoulder strap,The iconic Keepall 45,Waxed canvas Monogram ,,140,Orange-beige color,https://respon.io/JPEG/Keepall 45 M467031.jpg,https://respon.io/JPEG/Keepall 45 M467032.jpg,https://respon.io/JPEG/Keepall 45 M467033.jpg
bags & accessories,LV23139,,Keepall 55 with shoulder strap,The House's classic short-haul travel accessory,Waxed canvas Monogram ,,141,Orange color,https://respon.io/JPEG/,https://respon.io/JPEG/,https://respon.io/JPEG/
bags & accessories,LV23140,,Keepall 55 with shoulder strap,"Introduced in 1930, the iconic Keepall epitomizes the spirit of modern travel. ",Genuine cowhide leather trim,,142,Canvas,https://respon.io/JPEG/,https://respon.io/JPEG/,https://respon.io/JPEG/
bags & accessories,LV23141,,Mini Soft Trunk,Designed by Virgil Abloh for the Spring/Summer 2019 collection,Cowhide leather trim,,143,black,https://respon.io/JPEG/Soft Trunk M447351.jpg,https://respon.io/JPEG/Soft Trunk M447352.jpg,https://respon.io/JPEG/Soft Trunk M447353.jpg
bags & accessories,LV23142,,Handle Soft Trunk,The Handle Soft Trunk messenger bag is crafted from iconic ,Cowhide leather trim,,144,black,https://respon.io/JPEG/Handle M459351.jpg,https://respon.io/JPEG/Handle M459352.jpg,https://respon.io/JPEG/Handle M459353.jpg
bags & accessories,LV23143,,Handle Soft Trunk Bag,Crafted from taurillon leather and embossed with Monogram,Cowhide leather trim,,145,black,https://respon.io/JPEG/Trunk Bag M591631.jpg,https://respon.io/JPEG/Trunk Bag M591632.jpg,https://respon.io/JPEG/Trunk Bag M591633.jpg
bags & accessories,LV23146,,Trunk messenger bag,The compact Trunk messenger bag is crafted from Taurillon,Cowhide leather trim,,146,black,https://respon.io/JPEG/Trunk messenger M577261.jpg,https://respon.io/JPEG/Trunk messenger M577262.jpg,https://respon.io/JPEG/Trunk messenger M577263.jpg
bags & accessories,LV23147,,Handle Soft Trunk Bag,A compact Handle Soft Trunk bag in luxe crocodile leather embodies Virgil Abloh's timeless design,"
Crocodile skin",,147,black,https://respon.io/JPEG/Handle Soft N802421.jpg,https://respon.io/JPEG/Handle Soft N802422.jpg,https://respon.io/JPEG/Handle Soft N802423.jpg
bags & accessories,LV23148,,Backpack Christopher MM,The Christopher MM backpack in Monogram Macassar ,Cowhide leather trim,,148,Orange-beige ,https://respon.io/JPEG/MM M466861.jpg,https://respon.io/JPEG/,https://respon.io/JPEG/MM M466862.jpg
bags & accessories,LV23149,,Backpack Christopher PM,The dynamic design of the Cristopher backpack was inspired by the romance of backpacking.,Cowhide leather trim,,149,Damier Graphite,https://respon.io/JPEG/PM N413791.jpg,https://respon.io/JPEG/,https://respon.io/JPEG/PM N413792.jpg
bags & accessories,LV23150,,Backpack Christopher MM,The Christopher MM backpack is a practical accessory with numerous pockets,Cowhide leather trim,,150,black,https://respon.io/JPEG/MM M556991.jpg,https://respon.io/JPEG/,https://respon.io/JPEG/MM M556992.jpg
bags & accessories,LV23151,,Christopher Wearable Wallet,The functional Christopher wallet is the perfect accessory for the modern man.,Cowhide leather trim,,151,Canvas,https://respon.io/JPEG/Wearable Wallet M694041.jpg,https://respon.io/JPEG/Wearable Wallet M694042.jpg,https://respon.io/JPEG/Wearable Wallet M694043.jpg
bags & accessories,LV23153,,Backpack Discovery MM,The iconic Discovery backpack is now available in a new MM version.,Cowhide leather trim,,152,black,https://respon.io/JPEG/MM M225451.jpg,https://respon.io/JPEG/,https://respon.io/JPEG/MM M225452.jpg
bags & accessories,LV23154,,Backpack Discovery PM,The iconic Discovery backpack is now available in a new MM version. ,Cowhide leather trim,,153,black,https://respon.io/JPEG/PM M225581.jpg,https://respon.io/JPEG/,https://respon.io/JPEG/PM M225582.jpg
bags & accessories,LV23155,,Backpack Discovery PM,"The combination of Monogram Macassar canvas, black cowhide",Cowhide leather trim,,154,Canvas,https://respon.io/JPEG/PM M466841.jpg,https://respon.io/JPEG/,https://respon.io/JPEG/PM M466842.jpg
bags & accessories,LV23156,,Sling Noe Maxi,The Noe Maxi bag in Monogram Eclipse canvas is a fusion of modern style and function. ,Cowhide leather trim,,155,black,https://respon.io/JPEG/Noe Maxi M466931.jpg,https://respon.io/JPEG/Noe Maxi M466932.jpg,https://respon.io/JPEG/Noe Maxi M466933.jpg
bags & accessories,LV23157,,Backpack Steamer,"In soft Monogram Eclipse canvas, the Steamer Backpack is inspired by Louis Vuitton's",Cowhide leather trim,,156,black,https://respon.io/JPEG/Steamer M440521.jpg,https://respon.io/JPEG/Steamer M440522.jpg,https://respon.io/JPEG/Steamer M440523.jpg
bags & accessories,LV23158,,Trio Messenger,The men's Trio Messenger is crafted from Monogram Eclipse and Monogram Eclipse Reverse canvas,Cowhide leather trim,,157,black,https://respon.io/JPEG/Messenger M694431.jpg,https://respon.io/JPEG/Messenger M694432.jpg,https://respon.io/JPEG/Messenger M694433.jpg
bags & accessories,LV23159,,Discovery PM Belt Bag,The Discovery fanny pack in Monogram Eclipse canvas is the perfect combination of modern,Cowhide leather trim,,158,black,https://respon.io/JPEG/Belt Bag M460351.jpg,https://respon.io/JPEG/Belt Bag M460352.jpg,https://respon.io/JPEG/Belt Bag M460353.jpg
bags & accessories,LV23160,,Messenger S-Lock,A sophisticated interpretation of Monogram Macassar canvas,VVN cowhide leather trim,,159,orange,https://respon.io/JPEG/S-Lock M466881.jpg,https://respon.io/JPEG/S-Lock M466882.jpg,https://respon.io/JPEG/S-Lock M466883.jpg
bags & accessories,LV23161,,Mini Soft Trunk Bag,Designed by Virgil Abloh for the Spring/Summer 2019 collection,Cowhide leather trim,,160,black,https://respon.io/JPEG/Mini Soft M447351.jpg,https://respon.io/JPEG/Mini Soft M447352.jpg,https://respon.io/JPEG/Mini Soft M447353.jpg
bags & accessories,LV23162,,District PM bag,A new version of the District messenger in PM is crafted in Monogram Eclipse canvas,Cowhide leather trim,,161,black,https://respon.io/JPEG/PM bag M462551.jpg,https://respon.io/JPEG/PM bag M462552.jpg,https://respon.io/JPEG/PM bag M462553.jpg
bags & accessories,LV23163,,Messenger District PM,The PM District messenger bag is crafted from Damier Infini cowhide leather,Cowhide leather trim,,162,black,https://respon.io/JPEG/District PM N427111.jpg,https://respon.io/JPEG/District PM N427112.jpg,https://respon.io/JPEG/District PM N427113.jpg
bags & accessories,LV23164,,"Speedy 20 Shoulder Bag
",The Speedy 20 bag is a compact version of the legendary Speedy 20 bag. ,,,163,,https://respon.io/JPEG/,https://respon.io/JPEG/,https://respon.io/JPEG/
bags & accessories,LV23165,,Backpack Discovery,The Taigarama Discovery Backpack is crafted from authentic Taiga ,Cowhide leather trim,,164,white,https://respon.io/JPEG/Backpack M309531.jpg,https://respon.io/JPEG/Backpack M309532.jpg,https://respon.io/JPEG/Backpack M309533.jpg
bags & accessories,LV23166,,Voyage PM,The classic monochrome palette of Monogram Eclipse,"Cowhide leather trim",,165,black,https://respon.io/JPEG/Voyage PM M464571.jpg,https://respon.io/JPEG/Voyage PM M464572.jpg,https://respon.io/JPEG/Voyage PM M464573.jpg
bags & accessories,LV23167,,Outdoor ,The elegant Spring/Summer 2019 Outdoor messenger ,Cowhide Taiga,,166,black,https://respon.io/JPEG/Outdoor M302331.jpg,https://respon.io/JPEG/Outdoor M302332.jpg,https://respon.io/JPEG/Outdoor M302333.jpg
bags & accessories,LV23168,,Wallet Fastline ,The cowhide Fastline,cowhide leather,,167,Black,https://respon.io/JPEG/Wallet Fastline M820851.jpg,https://respon.io/JPEG/Wallet Fastline M820852.jpg,https://respon.io/JPEG/Wallet Fastline M820853.jpg
bags & accessories,LV23169,,Wallet S-Lock Vertical,The elegant S-Lock Vertical,Taurillon leather,,168,Black,https://respon.io/JPEG/Wallet S-Lock Vertical M815241.jpg,https://respon.io/JPEG/Wallet S-Lock Vertical M815242.jpg,https://respon.io/JPEG/Wallet S-Lock Vertical M815243.jpg
bags & accessories,LV23170,,Voyager PM ,Made from soft Monogram Eclipse canvas,Textile lining,,169,black,https://respon.io/JPEG/Voyager PM M405111.jpg,https://respon.io/JPEG/Voyager PM M405112.jpg,https://respon.io/JPEG/Voyager PM M405113.jpg
bags & accessories,LV23171,,Michael NV2 ,Stylish and functional,Cowhide leather Damier Infini Onyx,,170,black,https://respon.io/JPEG/Michael NV2 N452871.jpg,https://respon.io/JPEG/Michael NV2 N452872.jpg,https://respon.io/JPEG/Michael NV2 N452873.jpg
bags & accessories,LV23172,, Pochette Metis East West,"
Made from Monogram ","Monogram coated canvas

",,171,brown,https://respon.io/JPEG/,https://respon.io/JPEG/,https://respon.io/JPEG/
bags & accessories,LV23174,,Neverfull GM ,The Neverfull GM ,"Beige
Monogram ",,172,brown,https://respon.io/JPEG/,https://respon.io/JPEG/,https://respon.io/JPEG/
bags & accessories,LV23175,,Neverfull GM ,"The Neverfull GM tote 
","Cerise Red
Damier 
",,173,brown,https://respon.io/JPEG/,https://respon.io/JPEG/,https://respon.io/JPEG/
bags & accessories,LV23176,,nTheGo PM ,"Both fashionable and functional
",Monogram and Monogram,,174,brown,https://respon.io/JPEG/,https://respon.io/JPEG/,https://respon.io/JPEG/
bags & accessories,LV23177,,Sac Plat BB,"A revamp of the House’s Sac Plat from 
","Monogram coated canvas
Natural ",,175,brown,https://respon.io/JPEG/,https://respon.io/JPEG/,https://respon.io/JPEG/
bags & accessories,LV23178,,Vendôme MM ,"Evocative of the Louis Vuitton
","Black
Monogram coated 
",,176,brown,https://respon.io/JPEG/,https://respon.io/JPEG/,https://respon.io/JPEG/
bags & accessories,LV23179,,OnTheGo MM,The name says it all: OnTheGo MM takes care,"Monogram and Monogram 
",,177,brown,https://respon.io/JPEG/,https://respon.io/JPEG/,https://respon.io/JPEG/
bags & accessories,LV23180,,Mini Bumbag ,"The Mini Bumbag in Monogram canvas is 
","Monogram coated canvas
Natural ",,178,brown,https://respon.io/JPEG/,https://respon.io/JPEG/,https://respon.io/JPEG/
bags & accessories,LV23181,,Petit Sac Plat ,"Crafted from Monogram canvas, the Petit
","Monogram coated canvas
Aged
",,179,brown,https://respon.io/JPEG/,https://respon.io/JPEG/,https://respon.io/JPEG/
bags & accessories,LV23182,,Wallet on Chain Ivy,"Inspired by the Sac Recoleta 
","Monogram coated canvas
Aged 
",,180,brown,https://respon.io/JPEG/,https://respon.io/JPEG/,https://respon.io/JPEG/
bags & accessories,LV23183,,Mini Boite Chapeau ,"Fashioned from Monogram canvas
","Monogram coated canvas

",,181,brown,https://respon.io/JPEG/,https://respon.io/JPEG/,https://respon.io/JPEG/
bags & accessories,LV23184,,Loop ,"Created by Nicolas 
","Monogram coated canvas

",,182,brown,https://respon.io/JPEG/,https://respon.io/JPEG/,https://respon.io/JPEG/
bags & accessories,LV23185,,Dauphine MM ,"This Louis Vuitton 
",Monogram and Monogram ,,183,brown,https://respon.io/JPEG/,https://respon.io/JPEG/,https://respon.io/JPEG/
bags & accessories,LV23186,,Dauphine Chain Wallet,"Combining Monogram 
",Monogram and Monogram Reverse ,,184,brown,https://respon.io/JPEG/,https://respon.io/JPEG/,https://respon.io/JPEG/
bags & accessories,LV23187,,Pochette Metis,The small Pochette Metis clutch is the epitome of elegance. The bag is crafted from soft ,Genuine calfskin trim,,185,canvas,https://respon.io/JPEG/MetisM448751.jpg,https://respon.io/JPEG/MMM411772.jpg,https://respon.io/JPEG/
bags & accessories,LV23188,,Bag Neverfull MM,The Neverfull MM tote combines classic design with iconic Louis Vuitton elements.,Cowhide leather trim,,186,red,https://respon.io/JPEG/MMM411771.jpg,https://respon.io/JPEG/MetisM448752.jpg,https://respon.io/JPEG/
bags & accessories,LV23189,,Accessory Multi Pochette,"
The unique Multi Pochette accessory is an original cross-body ",VVN cowhide leather trim,,187,pink,https://respon.io/JPEG/PochetteM448401.jpg,https://respon.io/JPEG/,https://respon.io/JPEG/PochetteM448402.jpg
bags & accessories,LV23190,,Clutch Pochette Metis,The stylish Pochette Metis clutch gets an ultra-fashion touch with the iconic Monogram,Smooth calfskin trim,,188,canvas,https://respon.io/JPEG/MetisM448761.jpg,https://respon.io/JPEG/,https://respon.io/JPEG/MetisM448762.jpg
bags & accessories,LV23191,,Speedy Bandoulière 25,The Speedy Bandoulière 25 in graphic Damier Ebène canvas is an ideal city bag for every day,Smooth cowhide leather trim,,189,canvas,https://respon.io/JPEG/SpeedyN413681.jpg,https://respon.io/JPEG/,https://respon.io/JPEG/SpeedyN413682.jpg
bags & accessories,LV23192,,Alma BB,"The Alma BB handbag traces its pedigree to an Art Deco original, introduced in 1934",Smooth cowhide leather trim,,190,canvas,https://respon.io/JPEG/BBM531521.jpg,https://respon.io/JPEG/,https://respon.io/JPEG/BBM531522.jpg
bags & accessories,LV23193,,Passy Bag,The compact Passy Bag in Monogram canvas with a sliding chain is the quintessence of casual chic.,Smooth cowhide leather trim,,191,brown,https://respon.io/JPEG/PassyM455921.jpg,https://respon.io/JPEG/,https://respon.io/JPEG/PassyM455922.jpg
bags & accessories,LV23194,,Tilsitt,The Tilsitt handbag in Monogram and Monogram Reverse canvas is an ideal city bag,Cowhide-leather trim,,192,canvas,https://respon.io/JPEG/TilsittM465481.jpg,https://respon.io/JPEG/,https://respon.io/JPEG/TilsittM465482.jpg
bags & accessories,LV23195,,NéoNoé MM,"A true House icon, the NéoNoé bucket bag revisits a 1932 design by Gaston-Louis Vuitton",Smooth cowhide-leather trim,,193,brown,https://respon.io/JPEG/MMM448871.jpg,https://respon.io/JPEG/,https://respon.io/JPEG/MMM448872.jpg
bags & accessories,LV23196,,Cluny Mini,The adorable Cluny Mini handbag in iconic Monogram canvas is designed to delight LV lovers,Cowhide-leather trim,,194,brown,https://respon.io/JPEG/MiniM460551.jpg,https://respon.io/JPEG/,https://respon.io/JPEG/MiniM460552.jpg
bags & accessories,LV23197,,Pochette Félicie,Louis Vuitton's emblematic Epi leather complements the simple yet elegant design of the Pochette Félicie,Cowhide leather trim,,195,black,https://respon.io/JPEG/FélicieM818761.jpg,https://respon.io/JPEG/,https://respon.io/JPEG/FélicieM818762.jpg
bags & accessories,LV23198,,Pochette Métis East West,"Crafted from Monogram Empreinte leather, with its embossed Monogram pattern",Cowhide-leather trim,,196,creme,https://respon.io/JPEG/PochetteM230811.jpg,https://respon.io/JPEG/,https://respon.io/JPEG/PochetteM230812.jpg
bags & accessories,LV23199,,Diane,There’s a vintage 90s feel to this Diane satchel bag made from two-tone embossed Monogram Empreinte leather.,Cowhide-leather trim,,197,creme,https://respon.io/JPEG/DianeM465831.jpg,https://respon.io/JPEG/,https://respon.io/JPEG/DianeM465832.jpg
bags & accessories,LV23200,,Twist MM,"The Twist MM handbag is made from Epi leather, with its distinctive embossing",Smooth cowhide-leather trim,,198,Honey Gold,https://respon.io/JPEG/MMM222291.jpg,https://respon.io/JPEG/,https://respon.io/JPEG/MMM222292.jpg
bags & accessories,LV23201,,Twist MM,"The Twist MM handbag is made from Epi leather, with its distinctive embossing",Smooth cowhide-leather trim,,199,quartz,https://respon.io/JPEG/MMM222361.jpg,https://respon.io/JPEG/,https://respon.io/JPEG/MMM222362.jpg
bags & accessories,LV23202,,Cluny BB,A textile strap lends a lively twist to this Cluny BB handbag,Natural cowhide-leather trim,,200,canvas,https://respon.io/JPEG/BBM463721.jpg,https://respon.io/JPEG/,https://respon.io/JPEG/BBM463722.jpg
bags & accessories,LV23203,,New Wave Chain Bag GM,The quilted Chain Bag New Wave now comes in glamourous XL proportions,Smooth calf-leather trim,,201,black,https://respon.io/JPEG/GMM216151.jpg,https://respon.io/JPEG/,https://respon.io/JPEG/GMM216152.jpg
bags & accessories,LV23204,,Madeleine BB Bag,Made from Monogram Empreinte leather with an oversized,Grained cowhide trim,,202,black,https://respon.io/JPEG/BBM459771.jpg,https://respon.io/JPEG/,https://respon.io/JPEG/BBM459772.jpg
bags & accessories,LV23205,,Twist MM,This summery version of the Twist MM handbag features a wide embroidered textile strap,Cowhide-leather lining,,203,black,https://respon.io/JPEG/MMM220361.jpg,https://respon.io/JPEG/,https://respon.io/JPEG/MMM220362.jpg
bags & accessories,LV23206,,Loop Hobo Bag,"A supple and roomy bag, the Loop Hobo bag is made from a mix of Monogram and Monogram Reverse ",Cowhide leather trim,,204,canvas,https://respon.io/JPEG/HoboM463111.jpg,https://respon.io/JPEG/,https://respon.io/JPEG/HoboM463112.jpg
bags & accessories,LV23207,,Petit Sac Plat Bag,"The Petit Sac Plat bag is a miniature replica of the Sac Plat, one of Louis Vuitton's iconic bags",Monogram Empreinte embossed supple grained cowhide leather,,205,BLACK,https://respon.io/JPEG/PetitM814171.jpg,https://respon.io/JPEG/,https://respon.io/JPEG/PetitM814172.jpg
bags & accessories,LV23208,,Marceau Bag,"The elegant Marceau chain bag, with its emblematic S-lock and gold-colour chain",Embossed grained cowhide leather,,206,black,https://respon.io/JPEG/MarceauM462001.jpg,https://respon.io/JPEG/,https://respon.io/JPEG/MarceauM462002.jpg
bags & accessories,LV23209,,Vanity Case PM,The iconic Petite Malle inspired the Vanity Case baguette in Monogram canvas,Cowhide leather and metal trim,,207,canvas,https://respon.io/JPEG/PMM467581.jpg,https://respon.io/JPEG/,https://respon.io/JPEG/PMM467582.jpg
bags & accessories,LV23210,,Petite Malle Souple,The expressive Petite Malle Souple is a reflection of the Maison's rich heritage,Cowhide leather trim,,208,canvas,https://respon.io/JPEG/SoupleM455711.jpg,https://respon.io/JPEG/,https://respon.io/JPEG/SoupleM455712.jpg
bags & accessories,LV23211,,Neo Alma PM,Louis Vuitton's Neo Alma bag in size PM is an example of exquisite craftsmanship,Embossed Cowhide Monogram Empreinte,,209,black,https://respon.io/JPEG/PMM448321.jpg,https://respon.io/JPEG/,https://respon.io/JPEG/PMM448322.jpg
bags & accessories,LV23212,,Palm Springs Mini,A functional Monogram canvas Palm Spring Mini backpack,Soft cowhide leather trim,,210,canvas,https://respon.io/JPEG/MiniM448731.jpg,https://respon.io/JPEG/,https://respon.io/JPEG/MiniM448732.jpg
bags & accessories,LV23213,,Tambourin,For the Fall/Winter 2019 collection,Cowhide leather trim,,211,canvas,https://respon.io/JPEG/TambourinM448601.jpg,https://respon.io/JPEG/,https://respon.io/JPEG/TambourinM448602.jpg
bags & accessories,LV23215,,Noe BB,"The Noe shoulder bag is based on an archival model from 1932, originally designed to carry champagne",Cowhide leather trim,,212,canvas,https://respon.io/JPEG/BBM408171.jpg,https://respon.io/JPEG/,https://respon.io/JPEG/BBM408172.jpg
shirt,LV23218,men,Shirt Baseball,A baseball-style shirt is a great choice for sports fans.,"73% polyester, 22% cotton, 4%", s|m|l|xl,213,Black,https://respon.io/JPEG/Shirt Baseball 1AB5KX1.jpg,https://respon.io/JPEG/Shirt Baseball 1AB5KX2.jpg,https://respon.io/JPEG/Shirt Baseball 1AB5KX3.jpg
shirt,LV23219,men,Overshort in cotton with Monogram pattern,The cotton overshort features a flocked Monogram pattern with a velvety effect. ,"98% cotton, 2% elastane",s|m|l|xl,214,Khaki,https://respon.io/JPEG/Overshort Monogram 1ABNP81.jpg,https://respon.io/JPEG/Overshort Monogram 1ABNP82.jpg,https://respon.io/JPEG/Overshort Monogram 1ABNP83.jpg
shirt,LV23220,men,Regular fit shirt with graphics,The classic shirt of the Spring-Summer 2023 season appears in a sophisticated blue-gray,100% cotton,s|m|l|xl,215,Grey-blue,https://respon.io/JPEG/fit shirt 1AB5L71.jpg,https://respon.io/JPEG/,https://respon.io/JPEG/fit shirt 1AB5L72.jpg
shirt,LV23221,men,Short Sleeve Monogram Rainbow Denim Shirt,This short-sleeved denim shirt features Monogram Rainbow jacquard in a pastel color scheme.,100% cotton,s|m|l|xl,216,Indigo,https://respon.io/JPEG/Rainbow Denim 1AB91X1.jpg,https://respon.io/JPEG/Rainbow Denim 1AB91X2.jpg,https://respon.io/JPEG/Rainbow Denim 1AB91X3.jpg
shirt,LV23222,men,Regular Fit Signature Long Sleeve Shirt,This eye-catching long-sleeved cotton shirt is decorated with a seasonal silk-screened print. ,100% cotton,s|m|l|xl,217,Indigo,https://respon.io/JPEG/Long Sleeve 1AATK91.jpg,https://respon.io/JPEG/Long Sleeve 1AATK92.jpg,https://respon.io/JPEG/Long Sleeve 1AATK93.jpg
shirt,LV23223,men,Classic Shirt,This embossed LV Monogram shirt,100% Polyester,s|m|l|xl,218,Purple,https://respon.io/JPEG/Classic Shirt 1AAIGG1.jpg,https://respon.io/JPEG/Classic Shirt 1AAIGG2.jpg,https://respon.io/JPEG/Classic Shirt 1AAIGG3.jpg
shirt,LV23224,men,Classic Shirt,This soft velvet shirt is the perfect complement to your stylish look. ,100% cotton,s|m|l|xl,219,White,https://respon.io/JPEG/Classic Shirt 1AAGIP1.jpg,https://respon.io/JPEG/Classic Shirt 1AAGIP2.jpg,https://respon.io/JPEG/Classic Shirt 1AAGIP3.jpg
shirt,LV23225,men,Monogram Long Sleeve Shirt,The key feature of this long-sleeved cotton shirt is the Monogram Sand print in a warm,100% cotton,s|m|l|xl,220,White,https://respon.io/JPEG/Long Sleeve Shirt 1ABJLM1.jpg,https://respon.io/JPEG/Long Sleeve Shirt 1ABJLM2.jpg,https://respon.io/JPEG/Long Sleeve Shirt 1ABJLM3.jpg
shirt,LV23226,men,LV x YK Infinity Dots denim shirt,This short-sleeved denim shirt is part of the second exclusive,100% cotton,s|m|l|xl,221,Indigo,https://respon.io/JPEG/LV x YK shirt 1AB6O51.jpg,https://respon.io/JPEG/LV x YK shirt 1AB6O52.jpg,https://respon.io/JPEG/LV x YK shirt 1AB6O53.jpg
shirt,LV23227,men,Short Sleeve Multi Buttonholes Pajama Shirt,This flowy silk shirt features a loose fit and flowing shoulders.,100% silk,s|m|l|xl,222,Dark-Grey,https://respon.io/JPEG/Pajama Shirt 1AB6CE1.jpg,https://respon.io/JPEG/Pajama Shirt 1AB6CE2.jpg,https://respon.io/JPEG/Pajama Shirt 1AB6CE3.jpg
shirt,LV23229,,Monogram Short-Sleeved Denim Shirt,"This sporty black denim shirt, which can also be worn open as an overshirt",100% Cotton,s|m|l|xl,223,black,https://respon.io/JPEG/Sleeved1ABJDT.jpg,https://respon.io/JPEG/,https://respon.io/JPEG/.jpg
shorts,LV23230,men,Carpenter denim shorts,Light indigo denim shorts are a multifaceted element of your summer wardrobe,100% cotton,s|m|l|xl,224,Indigo,https://respon.io/JPEG/Carpenter denim 1ABJ7E1.jpg,https://respon.io/JPEG/Carpenter denim 1ABJ7E2.jpg,https://respon.io/JPEG/Carpenter denim 1ABJ7E3.jpg
shorts,LV23231,men,Evening shorts with drawstring waist,Spectacular shorts with a drawstring waist are distinguished by elegant creases.,100% silk,s|m|l|xl,225,Dark-blue,https://respon.io/JPEG/Evening shorts 1AA5AQ1.jpg,https://respon.io/JPEG/Evening shorts 1AA5AQ2.jpg,https://respon.io/JPEG/Evening shorts 1AA5AQ3.jpg
shorts,LV23232,men,LV Multi Tools Embroidered Shorts,"Crafted from cotton jersey, these shorts are embroidered with the LV ",100% cotton,s|m|l|xl,226,Black,https://respon.io/JPEG/Embroidered Shorts 1AB6EM1.jpg,https://respon.io/JPEG/Embroidered Shorts 1AB6EM2.jpg,https://respon.io/JPEG/Embroidered Shorts 1AB6EM3.jpg
shorts,LV23233,men,LV x YK Monogram Faces Swimshorts,These elegant swim shorts are from the second exclusive Louis Vuitton x Yayoi Kusama ,100% Polyamide,s|m|l|xl,227,Blue,https://respon.io/JPEG/Faces Swimshorts 1AB79T1.jpg,https://respon.io/JPEG/Faces Swimshorts 1AB79T2.jpg,https://respon.io/JPEG/Faces Swimshorts 1AB79T3.jpg
shorts,LV23234,men,Rainbow Monogram Denim Shorts,These trendy indigo denim shorts are twisted with a jacquard weave featuring an allover ,100% Cotton,s|m|l|xl,228,Indigo,https://respon.io/JPEG/Denim Shorts 1AB9261.jpg,https://respon.io/JPEG/Denim Shorts 1AB9262.jpg,https://respon.io/JPEG/Denim Shorts 1AB9263.jpg
shorts,LV23235,men,Shorts LV Graffiti,"Featuring the iconic Monogram jacquard pattern, these shorts are detailed with eye-catching ",100% cotton,s|m|l|xl,229,Black,https://respon.io/JPEG/LV Graffiti 1AA4Y01.jpg,https://respon.io/JPEG/LV Graffiti 1AA4Y02.jpg,https://respon.io/JPEG/LV Graffiti 1AA4Y03.jpg
shorts,LV23236,men,Monogram sweatshirt shorts,"Lightweight shorts with an adjustable drawstring waist, made from soft fleece","83% cotton, 17% nylon",s|m|l|xl,230,Black,https://respon.io/JPEG/sweatshirt shorts 1ABJ9W1.jpg,https://respon.io/JPEG/sweatshirt shorts 1ABJ9W2.jpg,https://respon.io/JPEG/sweatshirt shorts 1ABJ9W3.jpg
shorts,LV23237,men,Cotton shorts with Monogram pattern,"Made from soft cotton jersey, the Monogram Pointillism pattern",100% cotton,s|m|l|xl,231,Mix,https://respon.io/JPEG/Cotton shorts 1ABJ9H1.jpg,https://respon.io/JPEG/Cotton shorts 1ABJ9H2.jpg,https://respon.io/JPEG/Cotton shorts 1ABJ9H3.jpg
shorts,LV23238,,Hybrid Cotton Shorts,These sporty shorts are inspired by the collection’s desert bike race,"82% Cotton, 18% Polyamide",s|m|l|xl,232,black,https://respon.io/JPEG/Hybrid1ABJ1N1.jpg,https://respon.io/JPEG/Hybrid1ABJ1N2.jpg,https://respon.io/JPEG/Hybrid1ABJ1N3.jpg
